{
  "type": "FeatureCollection",
  "name": "buildings_design",
  "features": [
    {
      "type": "Feature",
      "id": "BLDG-001",
      "properties": {
        "id": "BLDG-001",
        "layer": "BUILDING_FOOTPRINT",
        "source_type": "agent_generated_design",
        "confidence": "medium",
        "geometry_role": "design_proposal",
        "area_sqm_declared": 2400.0,
        "building_type": "retail",
        "name_zh": "大钟寺智能消费坊01",
        "renewal_action": "renovate",
        "control_note_zh": "高度、强度与拆改留均为概念建议,待官方控规与权属条件确认",
        "storeys_concept": "4-8"
      },
      "geometry": {
        "type": "Polygon",
        "coordinates": [
          [
            [
              116.34389208713006,
              39.946006140032104
            ],
            [
              116.34388864586566,
              39.94636636767304
            ],
            [
              116.34318661439809,
              39.94636239249013
            ],
            [
              116.34319005934394,
              39.94600216489964
            ],
            [
              116.34389208713006,
              39.946006140032104
            ]
          ]
        ]
      }
    },
    {
      "type": "Feature",
      "id": "BLDG-002",
      "properties": {
        "id": "BLDG-002",
        "layer": "BUILDING_FOOTPRINT",
        "source_type": "agent_generated_design",
        "confidence": "medium",
        "geometry_role": "design_proposal",
        "area_sqm_declared": 2400.0,
        "building_type": "retail",
        "name_zh": "大钟寺智能消费坊02",
        "renewal_action": "renovate",
        "control_note_zh": "高度、强度与拆改留均为概念建议,待官方控规与权属条件确认",
        "storeys_concept": "4-8"
      },
      "geometry": {
        "type": "Polygon",
        "coordinates": [
          [
            [
              116.34475867995832,
              39.9460110411277
            ],
            [
              116.3447552432384,
              39.94637126883083
            ],
            [
              116.34405321159885,
              39.946367298894934
            ],
            [
              116.34405665200022,
              39.94600707124218
            ],
            [
              116.34475867995832,
              39.9460110411277
            ]
          ]
        ]
      }
    },
    {
      "type": "Feature",
      "id": "BLDG-003",
      "properties": {
        "id": "BLDG-003",
        "layer": "BUILDING_FOOTPRINT",
        "source_type": "agent_generated_design",
        "confidence": "medium",
        "geometry_role": "design_proposal",
        "area_sqm_declared": 2400.0,
        "building_type": "retail",
        "name_zh": "大钟寺智能消费坊03",
        "renewal_action": "renovate",
        "control_note_zh": "高度、强度与拆改留均为概念建议,待官方控规与权属条件确认",
        "storeys_concept": "4-8"
      },
      "geometry": {
        "type": "Polygon",
        "coordinates": [
          [
            [
              116.34562527299863,
              39.946015935746395
            ],
            [
              116.34562184082317,
              39.94637616351164
            ],
            [
              116.34491980901184,
              39.94637219882276
            ],
            [
              116.34492324486878,
              39.94601197110783
            ],
            [
              116.34562527299863,
              39.946015935746395
            ]
          ]
        ]
      }
    },
    {
      "type": "Feature",
      "id": "BLDG-004",
      "properties": {
        "id": "BLDG-004",
        "layer": "BUILDING_FOOTPRINT",
        "source_type": "agent_generated_design",
        "confidence": "medium",
        "geometry_role": "design_proposal",
        "area_sqm_declared": 2400.0,
        "building_type": "retail",
        "name_zh": "大钟寺智能消费坊04",
        "renewal_action": "renovate",
        "control_note_zh": "高度、强度与拆改留均为概念建议,待官方控规与权属条件确认",
        "storeys_concept": "4-8"
      },
      "geometry": {
        "type": "Polygon",
        "coordinates": [
          [
            [
              116.34387692922861,
              39.94759280313565
            ],
            [
              116.34387348769145,
              39.947953030676615
            ],
            [
              116.34317144000764,
              39.94794905527151
            ],
            [
              116.34317488522657,
              39.94758882778099
            ],
            [
              116.34387692922861,
              39.94759280313565
            ]
          ]
        ]
      }
    },
    {
      "type": "Feature",
      "id": "BLDG-005",
      "properties": {
        "id": "BLDG-005",
        "layer": "BUILDING_FOOTPRINT",
        "source_type": "agent_generated_design",
        "confidence": "medium",
        "geometry_role": "design_proposal",
        "area_sqm_declared": 2400.0,
        "building_type": "retail",
        "name_zh": "大钟寺智能消费坊05",
        "renewal_action": "renovate",
        "control_note_zh": "高度、强度与拆改留均为概念建议,待官方控规与权属条件确认",
        "storeys_concept": "4-8"
      },
      "geometry": {
        "type": "Polygon",
        "coordinates": [
          [
            [
              116.34474354207406,
              39.947597704505185
            ],
            [
              116.34474010508171,
              39.947957932108345
            ],
            [
              116.34403805722592,
              39.94795396195056
            ],
            [
              116.34404149790002,
              39.94759373439778
            ],
            [
              116.34474354207406,
              39.947597704505185
            ]
          ]
        ]
      }
    },
    {
      "type": "Feature",
      "id": "BLDG-006",
      "properties": {
        "id": "BLDG-006",
        "layer": "BUILDING_FOOTPRINT",
        "source_type": "agent_generated_design",
        "confidence": "medium",
        "geometry_role": "design_proposal",
        "area_sqm_declared": 2400.0,
        "building_type": "retail",
        "name_zh": "大钟寺智能消费坊06",
        "renewal_action": "renovate",
        "control_note_zh": "高度、强度与拆改留均为概念建议,待官方控规与权属条件确认",
        "storeys_concept": "4-8"
      },
      "geometry": {
        "type": "Polygon",
        "coordinates": [
          [
            [
              116.3456101551316,
              39.947602599397456
            ],
            [
              116.34560672268408,
              39.94796282706273
            ],
            [
              116.34490467465648,
              39.94795886215225
            ],
            [
              116.34490811078578,
              39.947598634537286
            ],
            [
              116.3456101551316,
              39.947602599397456
            ]
          ]
        ]
      }
    },
    {
      "type": "Feature",
      "id": "BLDG-007",
      "properties": {
        "id": "BLDG-007",
        "layer": "BUILDING_FOOTPRINT",
        "source_type": "agent_generated_design",
        "confidence": "medium",
        "geometry_role": "design_proposal",
        "area_sqm_declared": 2090.0,
        "building_type": "ai_r_and_d",
        "name_zh": "数据要素研发楼01",
        "renewal_action": "renovate",
        "control_note_zh": "高度、强度与拆改留均为概念建议,待官方控规与权属条件确认",
        "storeys_concept": "8-15"
      },
      "geometry": {
        "type": "Polygon",
        "coordinates": [
          [
            [
              116.34948117606116,
              39.94604964403802
            ],
            [
              116.34947793470414,
              39.94639186067642
            ],
            [
              116.34883440489665,
              39.94638824794312
            ],
            [
              116.34883764945964,
              39.94604603134827
            ],
            [
              116.34948117606116,
              39.94604964403802
            ]
          ]
        ]
      }
    },
    {
      "type": "Feature",
      "id": "BLDG-008",
      "properties": {
        "id": "BLDG-008",
        "layer": "BUILDING_FOOTPRINT",
        "source_type": "agent_generated_design",
        "confidence": "medium",
        "geometry_role": "design_proposal",
        "area_sqm_declared": 2090.0,
        "building_type": "ai_r_and_d",
        "name_zh": "数据要素研发楼02",
        "renewal_action": "renovate",
        "control_note_zh": "高度、强度与拆改留均为概念建议,待官方控规与权属条件确认",
        "storeys_concept": "8-15"
      },
      "geometry": {
        "type": "Polygon",
        "coordinates": [
          [
            [
              116.35070570641977,
              39.94605650855483
            ],
            [
              116.35070247116319,
              39.946398725276
            ],
            [
              116.3500589411349,
              39.94639511933909
            ],
            [
              116.35006217959746,
              39.94605290266139
            ],
            [
              116.35070570641977,
              39.94605650855483
            ]
          ]
        ]
      }
    },
    {
      "type": "Feature",
      "id": "BLDG-009",
      "properties": {
        "id": "BLDG-009",
        "layer": "BUILDING_FOOTPRINT",
        "source_type": "agent_generated_design",
        "confidence": "medium",
        "geometry_role": "design_proposal",
        "area_sqm_declared": 2090.0,
        "building_type": "ai_r_and_d",
        "name_zh": "数据要素研发楼03",
        "renewal_action": "renovate",
        "control_note_zh": "高度、强度与拆改留均为概念建议,待官方控规与权属条件确认",
        "storeys_concept": "8-15"
      },
      "geometry": {
        "type": "Polygon",
        "coordinates": [
          [
            [
              116.34946620412433,
              39.94763030509951
            ],
            [
              116.34946296251134,
              39.94797252164331
            ],
            [
              116.34881941789514,
              39.94796890870882
            ],
            [
              116.34882266271435,
              39.94762669220858
            ],
            [
              116.34946620412433,
              39.94763030509951
            ]
          ]
        ]
      }
    },
    {
      "type": "Feature",
      "id": "BLDG-010",
      "properties": {
        "id": "BLDG-010",
        "layer": "BUILDING_FOOTPRINT",
        "source_type": "agent_generated_design",
        "confidence": "medium",
        "geometry_role": "design_proposal",
        "area_sqm_declared": 2090.0,
        "building_type": "ai_r_and_d",
        "name_zh": "数据要素研发楼04",
        "renewal_action": "renovate",
        "control_note_zh": "高度、强度与拆改留均为概念建议,待官方控规与权属条件确认",
        "storeys_concept": "8-15"
      },
      "geometry": {
        "type": "Polygon",
        "coordinates": [
          [
            [
              116.35069076266113,
              39.94763716999853
            ],
            [
              116.35068752714906,
              39.9479793866251
            ],
            [
              116.35004398231206,
              39.94797578048741
            ],
            [
              116.35004722103035,
              39.947633563904326
            ],
            [
              116.35069076266113,
              39.94763716999853
            ]
          ]
        ]
      }
    },
    {
      "type": "Feature",
      "id": "BLDG-011",
      "properties": {
        "id": "BLDG-011",
        "layer": "BUILDING_FOOTPRINT",
        "source_type": "agent_generated_design",
        "confidence": "medium",
        "geometry_role": "design_proposal",
        "area_sqm_declared": 2090.0,
        "building_type": "office",
        "name_zh": "大钟寺商务楼宇01",
        "renewal_action": "retain",
        "control_note_zh": "高度、强度与拆改留均为概念建议,待官方控规与权属条件确认",
        "storeys_concept": "12-20"
      },
      "geometry": {
        "type": "Polygon",
        "coordinates": [
          [
            [
              116.3527574281765,
              39.94606798117892
            ],
            [
              116.35275420314137,
              39.94641019803838
            ],
            [
              116.35211067274406,
              39.946406603489
            ],
            [
              116.35211390098519,
              39.946064386672866
            ],
            [
              116.3527574281765,
              39.94606798117892
            ]
          ]
        ]
      }
    },
    {
      "type": "Feature",
      "id": "BLDG-012",
      "properties": {
        "id": "BLDG-012",
        "layer": "BUILDING_FOOTPRINT",
        "source_type": "agent_generated_design",
        "confidence": "medium",
        "geometry_role": "design_proposal",
        "area_sqm_declared": 2090.0,
        "building_type": "office",
        "name_zh": "大钟寺商务楼宇02",
        "renewal_action": "retain",
        "control_note_zh": "高度、强度与拆改留均为概念建议,待官方控规与权属条件确认",
        "storeys_concept": "12-20"
      },
      "geometry": {
        "type": "Polygon",
        "coordinates": [
          [
            [
              116.3537601268223,
              39.94607357476508
            ],
            [
              116.35375690678248,
              39.946415791691976
            ],
            [
              116.35311337620523,
              39.94641220270779
            ],
            [
              116.35311659945104,
              39.94606998582417
            ],
            [
              116.3537601268223,
              39.94607357476508
            ]
          ]
        ]
      }
    },
    {
      "type": "Feature",
      "id": "BLDG-013",
      "properties": {
        "id": "BLDG-013",
        "layer": "BUILDING_FOOTPRINT",
        "source_type": "agent_generated_design",
        "confidence": "medium",
        "geometry_role": "design_proposal",
        "area_sqm_declared": 2090.0,
        "building_type": "office",
        "name_zh": "大钟寺商务楼宇03",
        "renewal_action": "retain",
        "control_note_zh": "高度、强度与拆改留均为概念建议,待官方控规与权属条件确认",
        "storeys_concept": "12-20"
      },
      "geometry": {
        "type": "Polygon",
        "coordinates": [
          [
            [
              116.35274253163101,
              39.94764864326145
            ],
            [
              116.35273930634119,
              39.947990860026316
            ],
            [
              116.3520957611351,
              39.94798726527678
            ],
            [
              116.35209898963116,
              39.947645048555245
            ],
            [
              116.35274253163101,
              39.94764864326145
            ]
          ]
        ]
      }
    },
    {
      "type": "Feature",
      "id": "BLDG-014",
      "properties": {
        "id": "BLDG-014",
        "layer": "BUILDING_FOOTPRINT",
        "source_type": "agent_generated_design",
        "confidence": "medium",
        "geometry_role": "design_proposal",
        "area_sqm_declared": 2090.0,
        "building_type": "office",
        "name_zh": "大钟寺商务楼宇04",
        "renewal_action": "retain",
        "control_note_zh": "高度、强度与拆改留均为概念建议,待官方控规与权属条件确认",
        "storeys_concept": "12-20"
      },
      "geometry": {
        "type": "Polygon",
        "coordinates": [
          [
            [
              116.35374525335038,
              39.94765423715908
            ],
            [
              116.35374203305626,
              39.94799645399137
            ],
            [
              116.35309848767025,
              39.947992864807354
            ],
            [
              116.3531017111706,
              39.94765064801832
            ],
            [
              116.35374525335038,
              39.94765423715908
            ]
          ]
        ]
      }
    },
    {
      "type": "Feature",
      "id": "BLDG-015",
      "properties": {
        "id": "BLDG-015",
        "layer": "BUILDING_FOOTPRINT",
        "source_type": "agent_generated_design",
        "confidence": "medium",
        "geometry_role": "design_proposal",
        "area_sqm_declared": 2730.0,
        "building_type": "mixed_use",
        "name_zh": "南门户智能商务体01",
        "renewal_action": "new_build",
        "control_note_zh": "高度、强度与拆改留均为概念建议,待官方控规与权属条件确认",
        "storeys_concept": "8-16"
      },
      "geometry": {
        "type": "Polygon",
        "coordinates": [
          [
            [
              116.3430523081813,
              39.941285753202685
            ],
            [
              116.34304869083192,
              39.94166399247029
            ],
            [
              116.34228820894,
              39.941659680739576
            ],
            [
              116.34229183047603,
              39.94128144152942
            ],
            [
              116.3430523081813,
              39.941285753202685
            ]
          ]
        ]
      }
    },
    {
      "type": "Feature",
      "id": "BLDG-016",
      "properties": {
        "id": "BLDG-016",
        "layer": "BUILDING_FOOTPRINT",
        "source_type": "agent_generated_design",
        "confidence": "medium",
        "geometry_role": "design_proposal",
        "area_sqm_declared": 2730.0,
        "building_type": "mixed_use",
        "name_zh": "南门户智能商务体02",
        "renewal_action": "new_build",
        "control_note_zh": "高度、强度与拆改留均为概念建议,待官方控规与权属条件确认",
        "storeys_concept": "8-16"
      },
      "geometry": {
        "type": "Polygon",
        "coordinates": [
          [
            [
              116.34423328057692,
              39.94129243906196
            ],
            [
              116.34422966972922,
              39.94167067841865
            ],
            [
              116.3434691875831,
              39.94166637443358
            ],
            [
              116.34347280261751,
              39.94128813513423
            ],
            [
              116.34423328057692,
              39.94129243906196
            ]
          ]
        ]
      }
    },
    {
      "type": "Feature",
      "id": "BLDG-017",
      "properties": {
        "id": "BLDG-017",
        "layer": "BUILDING_FOOTPRINT",
        "source_type": "agent_generated_design",
        "confidence": "medium",
        "geometry_role": "design_proposal",
        "area_sqm_declared": 2730.0,
        "building_type": "mixed_use",
        "name_zh": "南门户智能商务体03",
        "renewal_action": "new_build",
        "control_note_zh": "高度、强度与拆改留均为概念建议,待官方控规与权属条件确认",
        "storeys_concept": "8-16"
      },
      "geometry": {
        "type": "Polygon",
        "coordinates": [
          [
            [
              116.34541425336663,
              39.94129911289293
            ],
            [
              116.3454106490206,
              39.94167735233855
            ],
            [
              116.3446501666208,
              39.94167305609911
            ],
            [
              116.34465377515353,
              39.941294816710744
            ],
            [
              116.34541425336663,
              39.94129911289293
            ]
          ]
        ]
      }
    },
    {
      "type": "Feature",
      "id": "BLDG-018",
      "properties": {
        "id": "BLDG-018",
        "layer": "BUILDING_FOOTPRINT",
        "source_type": "agent_generated_design",
        "confidence": "medium",
        "geometry_role": "design_proposal",
        "area_sqm_declared": 1750.0,
        "building_type": "residential",
        "name_zh": "缝合区保留住宅01",
        "renewal_action": "retain",
        "control_note_zh": "高度、强度与拆改留均为概念建议,待官方控规与权属条件确认",
        "storeys_concept": "6-12"
      },
      "geometry": {
        "type": "Polygon",
        "coordinates": [
          [
            [
              116.34261878300718,
              39.951986012304424
            ],
            [
              116.34261576542218,
              39.9523012110849
            ],
            [
              116.34203068878006,
              39.95229789189754
            ],
            [
              116.34203370905026,
              39.951982693153894
            ],
            [
              116.34261878300718,
              39.951986012304424
            ]
          ]
        ]
      }
    },
    {
      "type": "Feature",
      "id": "BLDG-019",
      "properties": {
        "id": "BLDG-019",
        "layer": "BUILDING_FOOTPRINT",
        "source_type": "agent_generated_design",
        "confidence": "medium",
        "geometry_role": "design_proposal",
        "area_sqm_declared": 1750.0,
        "building_type": "residential",
        "name_zh": "缝合区保留住宅02",
        "renewal_action": "retain",
        "control_note_zh": "高度、强度与拆改留均为概念建议,待官方控规与权属条件确认",
        "storeys_concept": "6-12"
      },
      "geometry": {
        "type": "Polygon",
        "coordinates": [
          [
            [
              116.34446833010605,
              39.951996485444866
            ],
            [
              116.34446532100955,
              39.95231168434164
            ],
            [
              116.34388024406115,
              39.95230837448755
            ],
            [
              116.34388325584285,
              39.951993175627535
            ],
            [
              116.34446833010605,
              39.951996485444866
            ]
          ]
        ]
      }
    },
    {
      "type": "Feature",
      "id": "BLDG-020",
      "properties": {
        "id": "BLDG-020",
        "layer": "BUILDING_FOOTPRINT",
        "source_type": "agent_generated_design",
        "confidence": "medium",
        "geometry_role": "design_proposal",
        "area_sqm_declared": 1750.0,
        "building_type": "residential",
        "name_zh": "缝合区保留住宅03",
        "renewal_action": "retain",
        "control_note_zh": "高度、强度与拆改留均为概念建议,待官方控规与权属条件确认",
        "storeys_concept": "6-12"
      },
      "geometry": {
        "type": "Polygon",
        "coordinates": [
          [
            [
              116.34260414720893,
              39.953514733259375
            ],
            [
              116.34260112939343,
              39.953829931955575
            ],
            [
              116.34201603972741,
              39.95382661258946
            ],
            [
              116.34201906022831,
              39.95351141393012
            ],
            [
              116.34260414720893,
              39.953514733259375
            ]
          ]
        ]
      }
    },
    {
      "type": "Feature",
      "id": "BLDG-021",
      "properties": {
        "id": "BLDG-021",
        "layer": "BUILDING_FOOTPRINT",
        "source_type": "agent_generated_design",
        "confidence": "medium",
        "geometry_role": "design_proposal",
        "area_sqm_declared": 1750.0,
        "building_type": "residential",
        "name_zh": "缝合区保留住宅04",
        "renewal_action": "retain",
        "control_note_zh": "高度、强度与拆改留均为概念建议,待官方控规与权属条件确认",
        "storeys_concept": "6-12"
      },
      "geometry": {
        "type": "Polygon",
        "coordinates": [
          [
            [
              116.34445373547852,
              39.953525206963796
            ],
            [
              116.34445072615219,
              39.95384040577629
            ],
            [
              116.34386563617987,
              39.95383709574396
            ],
            [
              116.34386864819162,
              39.95352189696823
            ],
            [
              116.34445373547852,
              39.953525206963796
            ]
          ]
        ]
      }
    },
    {
      "type": "Feature",
      "id": "BLDG-022",
      "properties": {
        "id": "BLDG-022",
        "layer": "BUILDING_FOOTPRINT",
        "source_type": "agent_generated_design",
        "confidence": "medium",
        "geometry_role": "design_proposal",
        "area_sqm_declared": 1750.0,
        "building_type": "residential",
        "name_zh": "缝合区保留住宅05",
        "renewal_action": "retain",
        "control_note_zh": "高度、强度与拆改留均为概念建议,待官方控规与权属条件确认",
        "storeys_concept": "6-12"
      },
      "geometry": {
        "type": "Polygon",
        "coordinates": [
          [
            [
              116.34258951029277,
              39.95504345380551
            ],
            [
              116.3425864922468,
              39.95535865241741
            ],
            [
              116.3420013895559,
              39.95535533287256
            ],
            [
              116.34200441028752,
              39.95504013429751
            ],
            [
              116.34258951029277,
              39.95504345380551
            ]
          ]
        ]
      }
    },
    {
      "type": "Feature",
      "id": "BLDG-023",
      "properties": {
        "id": "BLDG-023",
        "layer": "BUILDING_FOOTPRINT",
        "source_type": "agent_generated_design",
        "confidence": "medium",
        "geometry_role": "design_proposal",
        "area_sqm_declared": 1750.0,
        "building_type": "residential",
        "name_zh": "缝合区保留住宅06",
        "renewal_action": "retain",
        "control_note_zh": "高度、强度与拆改留均为概念建议,待官方控规与权属条件确认",
        "storeys_concept": "6-12"
      },
      "geometry": {
        "type": "Polygon",
        "coordinates": [
          [
            [
              116.34443913973625,
              39.955053928073944
            ],
            [
              116.34443613018007,
              39.95536912680213
            ],
            [
              116.34385102718288,
              39.95536581659157
            ],
            [
              116.34385403942467,
              39.95505061790013
            ],
            [
              116.34443913973625,
              39.955053928073944
            ]
          ]
        ]
      }
    },
    {
      "type": "Feature",
      "id": "BLDG-024",
      "properties": {
        "id": "BLDG-024",
        "layer": "BUILDING_FOOTPRINT",
        "source_type": "agent_generated_design",
        "confidence": "medium",
        "geometry_role": "design_proposal",
        "area_sqm_declared": 1440.0,
        "building_type": "community_service",
        "name_zh": "社区AI服务站01",
        "renewal_action": "renovate",
        "control_note_zh": "高度、强度与拆改留均为概念建议,待官方控规与权属条件确认",
        "storeys_concept": "3-6"
      },
      "geometry": {
        "type": "Polygon",
        "coordinates": [
          [
            [
              116.3505580855954,
              39.9525583742507
            ],
            [
              116.35055535992586,
              39.95284655642148
            ],
            [
              116.3500287859271,
              39.95284360531375
            ],
            [
              116.35003151380626,
              39.95255542317293
            ],
            [
              116.3505580855954,
              39.9525583742507
            ]
          ]
        ]
      }
    },
    {
      "type": "Feature",
      "id": "BLDG-025",
      "properties": {
        "id": "BLDG-025",
        "layer": "BUILDING_FOOTPRINT",
        "source_type": "agent_generated_design",
        "confidence": "medium",
        "geometry_role": "design_proposal",
        "area_sqm_declared": 1440.0,
        "building_type": "community_service",
        "name_zh": "社区AI服务站02",
        "renewal_action": "renovate",
        "control_note_zh": "高度、强度与拆改留均为概念建议,待官方控规与权属条件确认",
        "storeys_concept": "3-6"
      },
      "geometry": {
        "type": "Polygon",
        "coordinates": [
          [
            [
              116.35292124003948,
              39.952571588674125
            ],
            [
              116.35291852428625,
              39.952859770979046
            ],
            [
              116.35239194993967,
              39.95285683060404
            ],
            [
              116.35239466790253,
              39.95256864832897
            ],
            [
              116.35292124003948,
              39.952571588674125
            ]
          ]
        ]
      }
    },
    {
      "type": "Feature",
      "id": "BLDG-026",
      "properties": {
        "id": "BLDG-026",
        "layer": "BUILDING_FOOTPRINT",
        "source_type": "agent_generated_design",
        "confidence": "medium",
        "geometry_role": "design_proposal",
        "area_sqm_declared": 1440.0,
        "building_type": "community_service",
        "name_zh": "社区AI服务站03",
        "renewal_action": "renovate",
        "control_note_zh": "高度、强度与拆改留均为概念建议,待官方控规与权属条件确认",
        "storeys_concept": "3-6"
      },
      "geometry": {
        "type": "Polygon",
        "coordinates": [
          [
            [
              116.35053889141547,
              39.95458766610348
            ],
            [
              116.35053616546955,
              39.95487584817198
            ],
            [
              116.35000957591046,
              39.95487289685331
            ],
            [
              116.3500123040662,
              39.954584714814764
            ],
            [
              116.35053889141547,
              39.95458766610348
            ]
          ]
        ]
      }
    },
    {
      "type": "Feature",
      "id": "BLDG-027",
      "properties": {
        "id": "BLDG-027",
        "layer": "BUILDING_FOOTPRINT",
        "source_type": "agent_generated_design",
        "confidence": "medium",
        "geometry_role": "design_proposal",
        "area_sqm_declared": 1440.0,
        "building_type": "community_service",
        "name_zh": "社区AI服务站04",
        "renewal_action": "renovate",
        "control_note_zh": "高度、强度与拆改留均为概念建议,待官方控规与权属条件确认",
        "storeys_concept": "3-6"
      },
      "geometry": {
        "type": "Polygon",
        "coordinates": [
          [
            [
              116.35290211569037,
              39.95460088147152
            ],
            [
              116.35289939966181,
              39.95488906367418
            ],
            [
              116.35237280975488,
              39.954886123088976
            ],
            [
              116.35237552799329,
              39.95459794091617
            ],
            [
              116.35290211569037,
              39.95460088147152
            ]
          ]
        ]
      }
    },
    {
      "type": "Feature",
      "id": "BLDG-028",
      "properties": {
        "id": "BLDG-028",
        "layer": "BUILDING_FOOTPRINT",
        "source_type": "agent_generated_design",
        "confidence": "medium",
        "geometry_role": "design_proposal",
        "area_sqm_declared": 2320.0,
        "building_type": "incubator",
        "name_zh": "学院南孵化组团01",
        "renewal_action": "new_build",
        "control_note_zh": "高度、强度与拆改留均为概念建议,待官方控规与权属条件确认",
        "storeys_concept": "6-10"
      },
      "geometry": {
        "type": "Polygon",
        "coordinates": [
          [
            [
              116.34257326758376,
              39.959998667386515
            ],
            [
              116.3425698176942,
              39.960358894060114
            ],
            [
              116.34189104915038,
              39.96035504261848
            ],
            [
              116.34189450260118,
              39.95999481599376
            ],
            [
              116.34257326758376,
              39.959998667386515
            ]
          ]
        ]
      }
    },
    {
      "type": "Feature",
      "id": "BLDG-029",
      "properties": {
        "id": "BLDG-029",
        "layer": "BUILDING_FOOTPRINT",
        "source_type": "agent_generated_design",
        "confidence": "medium",
        "geometry_role": "design_proposal",
        "area_sqm_declared": 2320.0,
        "building_type": "incubator",
        "name_zh": "学院南孵化组团02",
        "renewal_action": "new_build",
        "control_note_zh": "高度、强度与拆改留均为概念建议,待官方控规与权属条件确认",
        "storeys_concept": "6-10"
      },
      "geometry": {
        "type": "Polygon",
        "coordinates": [
          [
            [
              116.34445423812687,
              39.96000931946739
            ],
            [
              116.34445079810611,
              39.96036954627615
            ],
            [
              116.34377202920085,
              39.96036570584691
            ],
            [
              116.34377547278287,
              39.96000547908688
            ],
            [
              116.34445423812687,
              39.96000931946739
            ]
          ]
        ]
      }
    },
    {
      "type": "Feature",
      "id": "BLDG-030",
      "properties": {
        "id": "BLDG-030",
        "layer": "BUILDING_FOOTPRINT",
        "source_type": "agent_generated_design",
        "confidence": "medium",
        "geometry_role": "design_proposal",
        "area_sqm_declared": 2320.0,
        "building_type": "incubator",
        "name_zh": "学院南孵化组团03",
        "renewal_action": "new_build",
        "control_note_zh": "高度、强度与拆改留均为概念建议,待官方控规与权属条件确认",
        "storeys_concept": "6-10"
      },
      "geometry": {
        "type": "Polygon",
        "coordinates": [
          [
            [
              116.34255328302184,
              39.96208530250282
            ],
            [
              116.34254983277259,
              39.96244552904492
            ],
            [
              116.34187104359883,
              39.96244167732022
            ],
            [
              116.34187449740966,
              39.96208145082699
            ],
            [
              116.34255328302184,
              39.96208530250282
            ]
          ]
        ]
      }
    },
    {
      "type": "Feature",
      "id": "BLDG-031",
      "properties": {
        "id": "BLDG-031",
        "layer": "BUILDING_FOOTPRINT",
        "source_type": "agent_generated_design",
        "confidence": "medium",
        "geometry_role": "design_proposal",
        "area_sqm_declared": 2320.0,
        "building_type": "incubator",
        "name_zh": "学院南孵化组团04",
        "renewal_action": "new_build",
        "control_note_zh": "高度、强度与拆改留均为概念建议,待官方控规与权属条件确认",
        "storeys_concept": "6-10"
      },
      "geometry": {
        "type": "Polygon",
        "coordinates": [
          [
            [
              116.344434310733,
              39.96209595536663
            ],
            [
              116.34443087035358,
              39.962456182043894
            ],
            [
              116.34375208081832,
              39.96245234133238
            ],
            [
              116.34375552475936,
              39.96209211470385
            ],
            [
              116.344434310733,
              39.96209595536663
            ]
          ]
        ]
      }
    },
    {
      "type": "Feature",
      "id": "BLDG-032",
      "properties": {
        "id": "BLDG-032",
        "layer": "BUILDING_FOOTPRINT",
        "source_type": "agent_generated_design",
        "confidence": "medium",
        "geometry_role": "design_proposal",
        "area_sqm_declared": 1750.0,
        "building_type": "talent_apartment",
        "name_zh": "青年人才公寓01",
        "renewal_action": "new_build",
        "control_note_zh": "高度、强度与拆改留均为概念建议,待官方控规与权属条件确认",
        "storeys_concept": "12-18"
      },
      "geometry": {
        "type": "Polygon",
        "coordinates": [
          [
            [
              116.35050650025264,
              39.96007340731615
            ],
            [
              116.35050351801955,
              39.96038860615165
            ],
            [
              116.34991837153527,
              39.96038532622264
            ],
            [
              116.34992135645464,
              39.960070127423556
            ],
            [
              116.35050650025264,
              39.96007340731615
            ]
          ]
        ]
      }
    },
    {
      "type": "Feature",
      "id": "BLDG-033",
      "properties": {
        "id": "BLDG-033",
        "layer": "BUILDING_FOOTPRINT",
        "source_type": "agent_generated_design",
        "confidence": "medium",
        "geometry_role": "design_proposal",
        "area_sqm_declared": 1750.0,
        "building_type": "talent_apartment",
        "name_zh": "青年人才公寓02",
        "renewal_action": "new_build",
        "control_note_zh": "高度、强度与拆改留均为概念建议,待官方控规与权属条件确认",
        "storeys_concept": "12-18"
      },
      "geometry": {
        "type": "Polygon",
        "coordinates": [
          [
            [
              116.35288941815227,
              39.960086733721646
            ],
            [
              116.3528864468588,
              39.960401932705096
            ],
            [
              116.35230129998473,
              39.96039866480293
            ],
            [
              116.35230427396449,
              39.96008346585577
            ],
            [
              116.35288941815227,
              39.960086733721646
            ]
          ]
        ]
      }
    },
    {
      "type": "Feature",
      "id": "BLDG-034",
      "properties": {
        "id": "BLDG-034",
        "layer": "BUILDING_FOOTPRINT",
        "source_type": "agent_generated_design",
        "confidence": "medium",
        "geometry_role": "design_proposal",
        "area_sqm_declared": 1750.0,
        "building_type": "talent_apartment",
        "name_zh": "青年人才公寓03",
        "renewal_action": "new_build",
        "control_note_zh": "高度、强度与拆改留均为概念建议,待官方控规与权属条件确认",
        "storeys_concept": "12-18"
      },
      "geometry": {
        "type": "Polygon",
        "coordinates": [
          [
            [
              116.35048689880854,
              39.96214503624518
            ],
            [
              116.35048391626678,
              39.96246023496648
            ],
            [
              116.34989875212585,
              39.96245695479812
            ],
            [
              116.3499017373542,
              39.962141756113255
            ],
            [
              116.35048689880854,
              39.96214503624518
            ]
          ]
        ]
      }
    },
    {
      "type": "Feature",
      "id": "BLDG-035",
      "properties": {
        "id": "BLDG-035",
        "layer": "BUILDING_FOOTPRINT",
        "source_type": "agent_generated_design",
        "confidence": "medium",
        "geometry_role": "design_proposal",
        "area_sqm_declared": 1750.0,
        "building_type": "talent_apartment",
        "name_zh": "青年人才公寓04",
        "renewal_action": "new_build",
        "control_note_zh": "高度、强度与拆改留均为概念建议,待官方控规与权属条件确认",
        "storeys_concept": "12-18"
      },
      "geometry": {
        "type": "Polygon",
        "coordinates": [
          [
            [
              116.3528698886114,
              39.96215836362312
            ],
            [
              116.35286691701037,
              39.96247356249237
            ],
            [
              116.35228175247963,
              39.96247029435175
            ],
            [
              116.35228472676721,
              39.96215509551878
            ],
            [
              116.3528698886114,
              39.96215836362312
            ]
          ]
        ]
      }
    },
    {
      "type": "Feature",
      "id": "BLDG-036",
      "properties": {
        "id": "BLDG-036",
        "layer": "BUILDING_FOOTPRINT",
        "source_type": "agent_generated_design",
        "confidence": "medium",
        "geometry_role": "design_proposal",
        "area_sqm_declared": 2320.0,
        "building_type": "ai_r_and_d",
        "name_zh": "中段科研走廊楼01",
        "renewal_action": "new_build",
        "control_note_zh": "高度、强度与拆改留均为概念建议,待官方控规与权属条件确认",
        "storeys_concept": "8-14"
      },
      "geometry": {
        "type": "Polygon",
        "coordinates": [
          [
            [
              116.3422875509942,
              39.968950358934926
            ],
            [
              116.34228409851167,
              39.96931058502991
            ],
            [
              116.34160524147713,
              39.96930673120269
            ],
            [
              116.34160869752252,
              39.9689465051566
            ],
            [
              116.3422875509942,
              39.968950358934926
            ]
          ]
        ]
      }
    },
    {
      "type": "Feature",
      "id": "BLDG-037",
      "properties": {
        "id": "BLDG-037",
        "layer": "BUILDING_FOOTPRINT",
        "source_type": "agent_generated_design",
        "confidence": "medium",
        "geometry_role": "design_proposal",
        "area_sqm_declared": 2320.0,
        "building_type": "ai_r_and_d",
        "name_zh": "中段科研走廊楼02",
        "renewal_action": "new_build",
        "control_note_zh": "高度、强度与拆改留均为概念建议,待官方控规与权属条件确认",
        "storeys_concept": "8-14"
      },
      "geometry": {
        "type": "Polygon",
        "coordinates": [
          [
            [
              116.3442687452754,
              39.968961583228804
            ],
            [
              116.34426530319078,
              39.9693218094662
            ],
            [
              116.34358644577534,
              39.96931796724029
            ],
            [
              116.3435898914228,
              39.96895774105165
            ],
            [
              116.3442687452754,
              39.968961583228804
            ]
          ]
        ]
      }
    },
    {
      "type": "Feature",
      "id": "BLDG-038",
      "properties": {
        "id": "BLDG-038",
        "layer": "BUILDING_FOOTPRINT",
        "source_type": "agent_generated_design",
        "confidence": "medium",
        "geometry_role": "design_proposal",
        "area_sqm_declared": 2320.0,
        "building_type": "ai_r_and_d",
        "name_zh": "中段科研走廊楼03",
        "renewal_action": "new_build",
        "control_note_zh": "高度、强度与拆改留均为概念建议,待官方控规与权属条件确认",
        "storeys_concept": "8-14"
      },
      "geometry": {
        "type": "Polygon",
        "coordinates": [
          [
            [
              116.34226512345968,
              39.971290293199864
            ],
            [
              116.34226167057346,
              39.97165051914737
            ],
            [
              116.34158279039418,
              39.97164666500253
            ],
            [
              116.34158624684363,
              39.971286439103935
            ],
            [
              116.34226512345968,
              39.971290293199864
            ]
          ]
        ]
      }
    },
    {
      "type": "Feature",
      "id": "BLDG-039",
      "properties": {
        "id": "BLDG-039",
        "layer": "BUILDING_FOOTPRINT",
        "source_type": "agent_generated_design",
        "confidence": "medium",
        "geometry_role": "design_proposal",
        "area_sqm_declared": 2320.0,
        "building_type": "ai_r_and_d",
        "name_zh": "中段科研走廊楼04",
        "renewal_action": "new_build",
        "control_note_zh": "高度、强度与拆改留均为概念建议,待官方控规与权属条件确认",
        "storeys_concept": "8-14"
      },
      "geometry": {
        "type": "Polygon",
        "coordinates": [
          [
            [
              116.3442463852864,
              39.97130151841883
            ],
            [
              116.34424294279933,
              39.97166174450875
            ],
            [
              116.34356406223907,
              39.97165790196618
            ],
            [
              116.3435675082894,
              39.97129767592502
            ],
            [
              116.3442463852864,
              39.97130151841883
            ]
          ]
        ]
      }
    },
    {
      "type": "Feature",
      "id": "BLDG-040",
      "properties": {
        "id": "BLDG-040",
        "layer": "BUILDING_FOOTPRINT",
        "source_type": "agent_generated_design",
        "confidence": "medium",
        "geometry_role": "design_proposal",
        "area_sqm_declared": 2320.0,
        "building_type": "ai_r_and_d",
        "name_zh": "中段科研走廊楼05",
        "renewal_action": "new_build",
        "control_note_zh": "高度、强度与拆改留均为概念建议,待官方控规与权属条件确认",
        "storeys_concept": "8-14"
      },
      "geometry": {
        "type": "Polygon",
        "coordinates": [
          [
            [
              116.34224269330284,
              39.97363022650685
            ],
            [
              116.34223924001289,
              39.97399045230687
            ],
            [
              116.34156033668611,
              39.973986597844394
            ],
            [
              116.34156379353973,
              39.973626372093264
            ],
            [
              116.34224269330284,
              39.97363022650685
            ]
          ]
        ]
      }
    },
    {
      "type": "Feature",
      "id": "BLDG-041",
      "properties": {
        "id": "BLDG-041",
        "layer": "BUILDING_FOOTPRINT",
        "source_type": "agent_generated_design",
        "confidence": "medium",
        "geometry_role": "design_proposal",
        "area_sqm_declared": 2320.0,
        "building_type": "ai_r_and_d",
        "name_zh": "中段科研走廊楼06",
        "renewal_action": "new_build",
        "control_note_zh": "高度、强度与拆改留均为概念建议,待官方控规与权属条件确认",
        "storeys_concept": "8-14"
      },
      "geometry": {
        "type": "Polygon",
        "coordinates": [
          [
            [
              116.34422402268298,
              39.97364145265095
            ],
            [
              116.3442205797934,
              39.974001678593424
            ],
            [
              116.3435416760856,
              39.97399783573415
            ],
            [
              116.34354512253887,
              39.97363760984045
            ],
            [
              116.34422402268298,
              39.97364145265095
            ]
          ]
        ]
      }
    },
    {
      "type": "Feature",
      "id": "BLDG-042",
      "properties": {
        "id": "BLDG-042",
        "layer": "BUILDING_FOOTPRINT",
        "source_type": "agent_generated_design",
        "confidence": "medium",
        "geometry_role": "design_proposal",
        "area_sqm_declared": 1750.0,
        "building_type": "residential",
        "name_zh": "中段保留住宅01",
        "renewal_action": "retain",
        "control_note_zh": "高度、强度与拆改留均为概念建议,待官方控规与权属条件确认",
        "storeys_concept": "6-12"
      },
      "geometry": {
        "type": "Polygon",
        "coordinates": [
          [
            [
              116.34924394482402,
              39.969023393561784
            ],
            [
              116.3492409558473,
              39.96933859183017
            ],
            [
              116.34865573320539,
              39.96933530492072
            ],
            [
              116.34865872486964,
              39.96902010668882
            ],
            [
              116.34924394482402,
              39.969023393561784
            ]
          ]
        ]
      }
    },
    {
      "type": "Feature",
      "id": "BLDG-043",
      "properties": {
        "id": "BLDG-043",
        "layer": "BUILDING_FOOTPRINT",
        "source_type": "agent_generated_design",
        "confidence": "medium",
        "geometry_role": "design_proposal",
        "area_sqm_declared": 1750.0,
        "building_type": "residential",
        "name_zh": "中段保留住宅02",
        "renewal_action": "retain",
        "control_note_zh": "高度、强度与拆改留均为概念建议,待官方控规与权属条件确认",
        "storeys_concept": "6-12"
      },
      "geometry": {
        "type": "Polygon",
        "coordinates": [
          [
            [
              116.35044937760696,
              39.96903015453317
            ],
            [
              116.35044639416593,
              39.96934535287661
            ],
            [
              116.34986117132625,
              39.96934207205222
            ],
            [
              116.34986415745479,
              39.969026873745214
            ],
            [
              116.35044937760696,
              39.96903015453317
            ]
          ]
        ]
      }
    },
    {
      "type": "Feature",
      "id": "BLDG-044",
      "properties": {
        "id": "BLDG-044",
        "layer": "BUILDING_FOOTPRINT",
        "source_type": "agent_generated_design",
        "confidence": "medium",
        "geometry_role": "design_proposal",
        "area_sqm_declared": 1750.0,
        "building_type": "residential",
        "name_zh": "中段保留住宅03",
        "renewal_action": "retain",
        "control_note_zh": "高度、强度与拆改留均为概念建议,待官方控规与权属条件确认",
        "storeys_concept": "6-12"
      },
      "geometry": {
        "type": "Polygon",
        "coordinates": [
          [
            [
              116.34922186119091,
              39.97135207397219
            ],
            [
              116.34921887186637,
              39.97166727211218
            ],
            [
              116.34863362936797,
              39.97166398493312
            ],
            [
              116.34863662138031,
              39.97134878682964
            ],
            [
              116.34922186119091,
              39.97135207397219
            ]
          ]
        ]
      }
    },
    {
      "type": "Feature",
      "id": "BLDG-045",
      "properties": {
        "id": "BLDG-045",
        "layer": "BUILDING_FOOTPRINT",
        "source_type": "agent_generated_design",
        "confidence": "medium",
        "geometry_role": "design_proposal",
        "area_sqm_declared": 1750.0,
        "building_type": "residential",
        "name_zh": "中段保留住宅04",
        "renewal_action": "retain",
        "control_note_zh": "高度、强度与拆改留均为概念建议,待官方控规与权属条件确认",
        "storeys_concept": "6-12"
      },
      "geometry": {
        "type": "Polygon",
        "coordinates": [
          [
            [
              116.35042733487363,
              39.971358835498116
            ],
            [
              116.35042435108544,
              39.971674033713164
            ],
            [
              116.34983910838919,
              39.971670752619694
            ],
            [
              116.34984209486518,
              39.97135555444107
            ],
            [
              116.35042733487363,
              39.971358835498116
            ]
          ]
        ]
      }
    },
    {
      "type": "Feature",
      "id": "BLDG-046",
      "properties": {
        "id": "BLDG-046",
        "layer": "BUILDING_FOOTPRINT",
        "source_type": "agent_generated_design",
        "confidence": "medium",
        "geometry_role": "design_proposal",
        "area_sqm_declared": 1750.0,
        "building_type": "residential",
        "name_zh": "中段保留住宅05",
        "renewal_action": "retain",
        "control_note_zh": "高度、强度与拆改留均为概念建议,待官方控规与权属条件确认",
        "storeys_concept": "6-12"
      },
      "geometry": {
        "type": "Polygon",
        "coordinates": [
          [
            [
              116.34919977498811,
              39.973680753434046
            ],
            [
              116.34919678531571,
              39.97399595144563
            ],
            [
              116.34861152295845,
              39.973992663996974
            ],
            [
              116.34861451531894,
              39.973677466021876
            ],
            [
              116.34919977498811,
              39.973680753434046
            ]
          ]
        ]
      }
    },
    {
      "type": "Feature",
      "id": "BLDG-047",
      "properties": {
        "id": "BLDG-047",
        "layer": "BUILDING_FOOTPRINT",
        "source_type": "agent_generated_design",
        "confidence": "medium",
        "geometry_role": "design_proposal",
        "area_sqm_declared": 1750.0,
        "building_type": "residential",
        "name_zh": "中段保留住宅06",
        "renewal_action": "retain",
        "control_note_zh": "高度、强度与拆改留均为概念建议,待官方控规与权属条件确认",
        "storeys_concept": "6-12"
      },
      "geometry": {
        "type": "Polygon",
        "coordinates": [
          [
            [
              116.35040528957532,
              39.97368751551454
            ],
            [
              116.35040230543994,
              39.974002713601216
            ],
            [
              116.34981704288482,
              39.97399943223863
            ],
            [
              116.34982002970833,
              39.9736842341884
            ],
            [
              116.35040528957532,
              39.97368751551454
            ]
          ]
        ]
      }
    },
    {
      "type": "Feature",
      "id": "BLDG-048",
      "properties": {
        "id": "BLDG-048",
        "layer": "BUILDING_FOOTPRINT",
        "source_type": "agent_generated_design",
        "confidence": "medium",
        "geometry_role": "design_proposal",
        "area_sqm_declared": 2090.0,
        "building_type": "education",
        "name_zh": "教育科研设施01",
        "renewal_action": "retain",
        "control_note_zh": "高度、强度与拆改留均为概念建议,待官方控规与权属条件确认",
        "storeys_concept": "6-12"
      },
      "geometry": {
        "type": "Polygon",
        "coordinates": [
          [
            [
              116.35276693326615,
              39.96980137394141
            ],
            [
              116.352763705568,
              39.97014358939625
            ],
            [
              116.3521199526662,
              39.97013999313626
            ],
            [
              116.35212318357415,
              39.96979777772475
            ],
            [
              116.35276693326615,
              39.96980137394141
            ]
          ]
        ]
      }
    },
    {
      "type": "Feature",
      "id": "BLDG-049",
      "properties": {
        "id": "BLDG-049",
        "layer": "BUILDING_FOOTPRINT",
        "source_type": "agent_generated_design",
        "confidence": "medium",
        "geometry_role": "design_proposal",
        "area_sqm_declared": 2090.0,
        "building_type": "education",
        "name_zh": "教育科研设施02",
        "renewal_action": "retain",
        "control_note_zh": "高度、强度与拆改留均为概念建议,待官方控规与权属条件确认",
        "storeys_concept": "6-12"
      },
      "geometry": {
        "type": "Polygon",
        "coordinates": [
          [
            [
              116.35400326502143,
              39.96980827050721
            ],
            [
              116.3540000434877,
              39.970150486045185
            ],
            [
              116.35335629036396,
              39.970146896650476
            ],
            [
              116.35335951510748,
              39.969804681155765
            ],
            [
              116.35400326502143,
              39.96980827050721
            ]
          ]
        ]
      }
    },
    {
      "type": "Feature",
      "id": "BLDG-050",
      "properties": {
        "id": "BLDG-050",
        "layer": "BUILDING_FOOTPRINT",
        "source_type": "agent_generated_design",
        "confidence": "medium",
        "geometry_role": "design_proposal",
        "area_sqm_declared": 2090.0,
        "building_type": "education",
        "name_zh": "教育科研设施03",
        "renewal_action": "retain",
        "control_note_zh": "高度、强度与拆改留均为概念建议,待官方控规与权属条件确认",
        "storeys_concept": "6-12"
      },
      "geometry": {
        "type": "Polygon",
        "coordinates": [
          [
            [
              116.35273756149411,
              39.97291528835947
            ],
            [
              116.35273433329367,
              39.973257503627934
            ],
            [
              116.35209055118268,
              39.9732539069735
            ],
            [
              116.35209378259339,
              39.97291169174837
            ],
            [
              116.35273756149411,
              39.97291528835947
            ]
          ]
        ]
      }
    },
    {
      "type": "Feature",
      "id": "BLDG-051",
      "properties": {
        "id": "BLDG-051",
        "layer": "BUILDING_FOOTPRINT",
        "source_type": "agent_generated_design",
        "confidence": "medium",
        "geometry_role": "design_proposal",
        "area_sqm_declared": 2090.0,
        "building_type": "education",
        "name_zh": "教育科研设施04",
        "renewal_action": "retain",
        "control_note_zh": "高度、强度与拆改留均为概念建议,待官方控规与权属条件确认",
        "storeys_concept": "6-12"
      },
      "geometry": {
        "type": "Polygon",
        "coordinates": [
          [
            [
              116.35397394934522,
              39.97292218568169
            ],
            [
              116.3539707273102,
              39.973264401033276
            ],
            [
              116.35332694497723,
              39.97326081124489
            ],
            [
              116.35333017022252,
              39.972918595936555
            ],
            [
              116.35397394934522,
              39.97292218568169
            ]
          ]
        ]
      }
    },
    {
      "type": "Feature",
      "id": "BLDG-052",
      "properties": {
        "id": "BLDG-052",
        "layer": "BUILDING_FOOTPRINT",
        "source_type": "agent_generated_design",
        "confidence": "medium",
        "geometry_role": "design_proposal",
        "area_sqm_declared": 2320.0,
        "building_type": "lab",
        "name_zh": "中试实验平台01",
        "renewal_action": "new_build",
        "control_note_zh": "高度、强度与拆改留均为概念建议,待官方控规与权属条件确认",
        "storeys_concept": "4-8"
      },
      "geometry": {
        "type": "Polygon",
        "coordinates": [
          [
            [
              116.34219539824892,
              39.9785631877601
            ],
            [
              116.34219194410765,
              39.97892341324922
            ],
            [
              116.34151299197335,
              39.97891955811703
            ],
            [
              116.34151644967913,
              39.97855933267681
            ],
            [
              116.34219539824892,
              39.9785631877601
            ]
          ]
        ]
      }
    },
    {
      "type": "Feature",
      "id": "BLDG-053",
      "properties": {
        "id": "BLDG-053",
        "layer": "BUILDING_FOOTPRINT",
        "source_type": "agent_generated_design",
        "confidence": "medium",
        "geometry_role": "design_proposal",
        "area_sqm_declared": 2320.0,
        "building_type": "lab",
        "name_zh": "中试实验平台02",
        "renewal_action": "new_build",
        "control_note_zh": "高度、强度与拆改留均为概念建议,待官方控规与权属条件确认",
        "storeys_concept": "4-8"
      },
      "geometry": {
        "type": "Polygon",
        "coordinates": [
          [
            [
              116.34417687006867,
              39.97857441585478
            ],
            [
              116.34417342633033,
              39.97893464148634
            ],
            [
              116.34349447381487,
              39.97893079795938
            ],
            [
              116.34349792111774,
              39.978570572376576
            ],
            [
              116.34417687006867,
              39.97857441585478
            ]
          ]
        ]
      }
    },
    {
      "type": "Feature",
      "id": "BLDG-054",
      "properties": {
        "id": "BLDG-054",
        "layer": "BUILDING_FOOTPRINT",
        "source_type": "agent_generated_design",
        "confidence": "medium",
        "geometry_role": "design_proposal",
        "area_sqm_declared": 2320.0,
        "building_type": "lab",
        "name_zh": "中试实验平台03",
        "renewal_action": "new_build",
        "control_note_zh": "高度、强度与拆改留均为概念建议,待官方控规与权属条件确认",
        "storeys_concept": "4-8"
      },
      "geometry": {
        "type": "Polygon",
        "coordinates": [
          [
            [
              116.34217666755677,
              39.980516496196216
            ],
            [
              116.34217321307834,
              39.980876721562225
            ],
            [
              116.34149424161434,
              39.9808728661648
            ],
            [
              116.34149769965764,
              39.98051264084772
            ],
            [
              116.34217666755677,
              39.980516496196216
            ]
          ]
        ]
      }
    },
    {
      "type": "Feature",
      "id": "BLDG-055",
      "properties": {
        "id": "BLDG-055",
        "layer": "BUILDING_FOOTPRINT",
        "source_type": "agent_generated_design",
        "confidence": "medium",
        "geometry_role": "design_proposal",
        "area_sqm_declared": 2320.0,
        "building_type": "lab",
        "name_zh": "中试实验平台04",
        "renewal_action": "new_build",
        "control_note_zh": "高度、强度与拆改留均为概念建议,待官方控规与权属条件确认",
        "storeys_concept": "4-8"
      },
      "geometry": {
        "type": "Polygon",
        "coordinates": [
          [
            [
              116.34415819578814,
              39.98052772506334
            ],
            [
              116.34415475171367,
              39.9808879505718
            ],
            [
              116.34347577986848,
              39.98088410678041
            ],
            [
              116.34347922750786,
              39.98052388132072
            ],
            [
              116.34415819578814,
              39.98052772506334
            ]
          ]
        ]
      }
    },
    {
      "type": "Feature",
      "id": "BLDG-056",
      "properties": {
        "id": "BLDG-056",
        "layer": "BUILDING_FOOTPRINT",
        "source_type": "agent_generated_design",
        "confidence": "medium",
        "geometry_role": "design_proposal",
        "area_sqm_declared": 2090.0,
        "building_type": "incubator",
        "name_zh": "近校孵化坊01",
        "renewal_action": "renovate",
        "control_note_zh": "高度、强度与拆改留均为概念建议,待官方控规与权属条件确认",
        "storeys_concept": "5-9"
      },
      "geometry": {
        "type": "Polygon",
        "coordinates": [
          [
            [
              116.3436437146043,
              39.98622155324473
            ],
            [
              116.34364043950856,
              39.98656376710586
            ],
            [
              116.34299653368066,
              39.986560118944546
            ],
            [
              116.34299981198878,
              39.98621790512738
            ],
            [
              116.3436437146043,
              39.98622155324473
            ]
          ]
        ]
      }
    },
    {
      "type": "Feature",
      "id": "BLDG-057",
      "properties": {
        "id": "BLDG-057",
        "layer": "BUILDING_FOOTPRINT",
        "source_type": "agent_generated_design",
        "confidence": "medium",
        "geometry_role": "design_proposal",
        "area_sqm_declared": 2090.0,
        "building_type": "incubator",
        "name_zh": "近校孵化坊02",
        "renewal_action": "renovate",
        "control_note_zh": "高度、强度与拆改留均为概念建议,待官方控规与权属条件确认",
        "storeys_concept": "5-9"
      },
      "geometry": {
        "type": "Polygon",
        "coordinates": [
          [
            [
              116.34484700583201,
              39.98622836106481
            ],
            [
              116.34484373673943,
              39.98657057500799
            ],
            [
              116.34419983069239,
              39.986566933530725
            ],
            [
              116.34420310299734,
              39.986224719631444
            ],
            [
              116.34484700583201,
              39.98622836106481
            ]
          ]
        ]
      }
    },
    {
      "type": "Feature",
      "id": "BLDG-058",
      "properties": {
        "id": "BLDG-058",
        "layer": "BUILDING_FOOTPRINT",
        "source_type": "agent_generated_design",
        "confidence": "medium",
        "geometry_role": "design_proposal",
        "area_sqm_declared": 2090.0,
        "building_type": "incubator",
        "name_zh": "近校孵化坊03",
        "renewal_action": "renovate",
        "control_note_zh": "高度、强度与拆改留均为概念建议,待官方控规与权属条件确认",
        "storeys_concept": "5-9"
      },
      "geometry": {
        "type": "Polygon",
        "coordinates": [
          [
            [
              116.34362375535662,
              39.9883069984554
            ],
            [
              116.34362047991958,
              39.98864921219165
            ],
            [
              116.34297655451421,
              39.988645563762404
            ],
            [
              116.34297983316397,
              39.98830335007012
            ],
            [
              116.34362375535662,
              39.9883069984554
            ]
          ]
        ]
      }
    },
    {
      "type": "Feature",
      "id": "BLDG-059",
      "properties": {
        "id": "BLDG-059",
        "layer": "BUILDING_FOOTPRINT",
        "source_type": "agent_generated_design",
        "confidence": "medium",
        "geometry_role": "design_proposal",
        "area_sqm_declared": 2090.0,
        "building_type": "incubator",
        "name_zh": "近校孵化坊04",
        "renewal_action": "renovate",
        "control_note_zh": "高度、强度与拆改留均为概念建议,待官方控规与权属条件确认",
        "storeys_concept": "5-9"
      },
      "geometry": {
        "type": "Polygon",
        "coordinates": [
          [
            [
              116.34482708316902,
              39.9883138067755
            ],
            [
              116.34482381373576,
              39.988656020593794
            ],
            [
              116.34417988811121,
              39.98865237884909
            ],
            [
              116.34418316075721,
              39.98831016507468
            ],
            [
              116.34482708316902,
              39.9883138067755
            ]
          ]
        ]
      }
    },
    {
      "type": "Feature",
      "id": "BLDG-060",
      "properties": {
        "id": "BLDG-060",
        "layer": "BUILDING_FOOTPRINT",
        "source_type": "agent_generated_design",
        "confidence": "medium",
        "geometry_role": "design_proposal",
        "area_sqm_declared": 2090.0,
        "building_type": "incubator",
        "name_zh": "近校孵化坊05",
        "renewal_action": "renovate",
        "control_note_zh": "高度、强度与拆改留均为概念建议,待官方控规与权属条件确认",
        "storeys_concept": "5-9"
      },
      "geometry": {
        "type": "Polygon",
        "coordinates": [
          [
            [
              116.34360379402882,
              39.99039244290511
            ],
            [
              116.34360051825043,
              39.9907346565165
            ],
            [
              116.3429565732656,
              39.990731007819285
            ],
            [
              116.34295985225704,
              39.99038879425187
            ],
            [
              116.34360379402882,
              39.99039244290511
            ]
          ]
        ]
      }
    },
    {
      "type": "Feature",
      "id": "BLDG-061",
      "properties": {
        "id": "BLDG-061",
        "layer": "BUILDING_FOOTPRINT",
        "source_type": "agent_generated_design",
        "confidence": "medium",
        "geometry_role": "design_proposal",
        "area_sqm_declared": 2090.0,
        "building_type": "incubator",
        "name_zh": "近校孵化坊06",
        "renewal_action": "renovate",
        "control_note_zh": "高度、强度与拆改留均为概念建议,待官方控规与权属条件确认",
        "storeys_concept": "5-9"
      },
      "geometry": {
        "type": "Polygon",
        "coordinates": [
          [
            [
              116.34480715842976,
              39.99039925172525
            ],
            [
              116.34480388865576,
              39.99074146541869
            ],
            [
              116.3441599434517,
              39.990737823406505
            ],
            [
              116.34416321643877,
              39.990395609756966
            ],
            [
              116.34480715842976,
              39.99039925172525
            ]
          ]
        ]
      }
    },
    {
      "type": "Feature",
      "id": "BLDG-062",
      "properties": {
        "id": "BLDG-062",
        "layer": "BUILDING_FOOTPRINT",
        "source_type": "agent_generated_design",
        "confidence": "medium",
        "geometry_role": "design_proposal",
        "area_sqm_declared": 1632.0,
        "building_type": "community_service",
        "name_zh": "人才服务中心01",
        "renewal_action": "renovate",
        "control_note_zh": "高度、强度与拆改留均为概念建议,待官方控规与权属条件确认",
        "storeys_concept": "3-6"
      },
      "geometry": {
        "type": "Polygon",
        "coordinates": [
          [
            [
              116.34906586661202,
              39.98697133388641
            ],
            [
              116.34906296039527,
              39.98727752552843
            ],
            [
              116.34850099975483,
              39.98727436812005
            ],
            [
              116.34850390848013,
              39.98696817651207
            ],
            [
              116.34906586661202,
              39.98697133388641
            ]
          ]
        ]
      }
    },
    {
      "type": "Feature",
      "id": "BLDG-063",
      "properties": {
        "id": "BLDG-063",
        "layer": "BUILDING_FOOTPRINT",
        "source_type": "agent_generated_design",
        "confidence": "medium",
        "geometry_role": "design_proposal",
        "area_sqm_declared": 1632.0,
        "building_type": "community_service",
        "name_zh": "人才服务中心02",
        "renewal_action": "renovate",
        "control_note_zh": "高度、强度与拆改留均为概念建议,待官方控规与权属条件确认",
        "storeys_concept": "3-6"
      },
      "geometry": {
        "type": "Polygon",
        "coordinates": [
          [
            [
              116.35026380976781,
              39.986978055461435
            ],
            [
              116.35026090889856,
              39.98728424717594
            ],
            [
              116.34969894806927,
              39.98728109557509
            ],
            [
              116.34970185144707,
              39.98697490389457
            ],
            [
              116.35026380976781,
              39.986978055461435
            ]
          ]
        ]
      }
    },
    {
      "type": "Feature",
      "id": "BLDG-064",
      "properties": {
        "id": "BLDG-064",
        "layer": "BUILDING_FOOTPRINT",
        "source_type": "agent_generated_design",
        "confidence": "medium",
        "geometry_role": "design_proposal",
        "area_sqm_declared": 1632.0,
        "building_type": "community_service",
        "name_zh": "人才服务中心03",
        "renewal_action": "renovate",
        "control_note_zh": "高度、强度与拆改留均为概念建议,待官方控规与权属条件确认",
        "storeys_concept": "3-6"
      },
      "geometry": {
        "type": "Polygon",
        "coordinates": [
          [
            [
              116.34903958694196,
              39.98973992247008
            ],
            [
              116.34903668032311,
              39.990046113963786
            ],
            [
              116.34847469699872,
              39.99004295624754
            ],
            [
              116.34847760612645,
              39.98973676478789
            ],
            [
              116.34903958694196,
              39.98973992247008
            ]
          ]
        ]
      }
    },
    {
      "type": "Feature",
      "id": "BLDG-065",
      "properties": {
        "id": "BLDG-065",
        "layer": "BUILDING_FOOTPRINT",
        "source_type": "agent_generated_design",
        "confidence": "medium",
        "geometry_role": "design_proposal",
        "area_sqm_declared": 1632.0,
        "building_type": "community_service",
        "name_zh": "人才服务中心04",
        "renewal_action": "renovate",
        "control_note_zh": "高度、强度与拆改留均为概念建议,待官方控规与权属条件确认",
        "storeys_concept": "3-6"
      },
      "geometry": {
        "type": "Polygon",
        "coordinates": [
          [
            [
              116.35023757845309,
              39.989746644700496
            ],
            [
              116.35023467718248,
              39.9900528362667
            ],
            [
              116.34967269366922,
              39.99004968435855
            ],
            [
              116.3496755974487,
              39.98974349282634
            ],
            [
              116.35023757845309,
              39.989746644700496
            ]
          ]
        ]
      }
    },
    {
      "type": "Feature",
      "id": "BLDG-066",
      "properties": {
        "id": "BLDG-066",
        "layer": "BUILDING_FOOTPRINT",
        "source_type": "agent_generated_design",
        "confidence": "medium",
        "geometry_role": "design_proposal",
        "area_sqm_declared": 2090.0,
        "building_type": "education",
        "name_zh": "科教校舍01",
        "renewal_action": "retain",
        "control_note_zh": "高度、强度与拆改留均为概念建议,待官方控规与权属条件确认",
        "storeys_concept": "6-12"
      },
      "geometry": {
        "type": "Polygon",
        "coordinates": [
          [
            [
              116.34200118454892,
              39.997587239644815
            ],
            [
              116.34199789993677,
              39.997929452720044
            ],
            [
              116.34135388758523,
              39.997925794576034
            ],
            [
              116.3413571754116,
              39.9975835815449
            ],
            [
              116.34200118454892,
              39.997587239644815
            ]
          ]
        ]
      }
    },
    {
      "type": "Feature",
      "id": "BLDG-067",
      "properties": {
        "id": "BLDG-067",
        "layer": "BUILDING_FOOTPRINT",
        "source_type": "agent_generated_design",
        "confidence": "medium",
        "geometry_role": "design_proposal",
        "area_sqm_declared": 2090.0,
        "building_type": "education",
        "name_zh": "科教校舍02",
        "renewal_action": "retain",
        "control_note_zh": "高度、强度与拆改留均为概念建议,待官方控规与权属条件确认",
        "storeys_concept": "6-12"
      },
      "geometry": {
        "type": "Polygon",
        "coordinates": [
          [
            [
              116.34397149675019,
              39.99759840918598
            ],
            [
              116.34396822197175,
              39.99794062239582
            ],
            [
              116.34332420926056,
              39.99793697519909
            ],
            [
              116.3433274872532,
              39.99759476203321
            ],
            [
              116.34397149675019,
              39.99759840918598
            ]
          ]
        ]
      }
    },
    {
      "type": "Feature",
      "id": "BLDG-068",
      "properties": {
        "id": "BLDG-068",
        "layer": "BUILDING_FOOTPRINT",
        "source_type": "agent_generated_design",
        "confidence": "medium",
        "geometry_role": "design_proposal",
        "area_sqm_declared": 1796.343,
        "building_type": "education",
        "name_zh": "科教校舍03",
        "renewal_action": "retain",
        "control_note_zh": "高度、强度与拆改留均为概念建议,待官方控规与权属条件确认",
        "storeys_concept": "6-12"
      },
      "geometry": {
        "type": "Polygon",
        "coordinates": [
          [
            [
              116.34196948325466,
              40.00088984938863
            ],
            [
              116.34197276835278,
              40.000547636490666
            ],
            [
              116.34140653146675,
              40.00054442014623
            ],
            [
              116.34142862524195,
              40.00088677723905
            ],
            [
              116.34196948325466,
              40.00088984938863
            ]
          ]
        ]
      }
    },
    {
      "type": "Feature",
      "id": "BLDG-069",
      "properties": {
        "id": "BLDG-069",
        "layer": "BUILDING_FOOTPRINT",
        "source_type": "agent_generated_design",
        "confidence": "medium",
        "geometry_role": "design_proposal",
        "area_sqm_declared": 2090.0,
        "building_type": "education",
        "name_zh": "科教校舍04",
        "renewal_action": "retain",
        "control_note_zh": "高度、强度与拆改留均为概念建议,待官方控规与权属条件确认",
        "storeys_concept": "6-12"
      },
      "geometry": {
        "type": "Polygon",
        "coordinates": [
          [
            [
              116.34394316562864,
              40.00055880719631
            ],
            [
              116.34393989036566,
              40.00090102022888
            ],
            [
              116.3432958498468,
              40.00089737265191
            ],
            [
              116.34329912832445,
              40.00055515966329
            ],
            [
              116.34394316562864,
              40.00055880719631
            ]
          ]
        ]
      }
    },
    {
      "type": "Feature",
      "id": "BLDG-070",
      "properties": {
        "id": "BLDG-070",
        "layer": "BUILDING_FOOTPRINT",
        "source_type": "agent_generated_design",
        "confidence": "medium",
        "geometry_role": "design_proposal",
        "area_sqm_declared": 1083.806,
        "building_type": "education",
        "name_zh": "科教校舍05",
        "renewal_action": "retain",
        "control_note_zh": "高度、强度与拆改留均为概念建议,待官方控规与权属条件确认",
        "storeys_concept": "6-12"
      },
      "geometry": {
        "type": "Polygon",
        "coordinates": [
          [
            [
              116.3419410623681,
              40.003850244523534
            ],
            [
              116.34194434795226,
              40.00350803180288
            ],
            [
              116.34159766557913,
              40.00350606278237
            ],
            [
              116.34161976106165,
              40.003848419679876
            ],
            [
              116.3419410623681,
              40.003850244523534
            ]
          ]
        ]
      }
    },
    {
      "type": "Feature",
      "id": "BLDG-071",
      "properties": {
        "id": "BLDG-071",
        "layer": "BUILDING_FOOTPRINT",
        "source_type": "agent_generated_design",
        "confidence": "medium",
        "geometry_role": "design_proposal",
        "area_sqm_declared": 2090.0,
        "building_type": "education",
        "name_zh": "科教校舍06",
        "renewal_action": "retain",
        "control_note_zh": "高度、强度与拆改留均为概念建议,待官方控规与权属条件确认",
        "storeys_concept": "6-12"
      },
      "geometry": {
        "type": "Polygon",
        "coordinates": [
          [
            [
              116.3439148303153,
              40.00351920367308
            ],
            [
              116.34391155456773,
              40.00386141652837
            ],
            [
              116.34326748623705,
              40.003857768571145
            ],
            [
              116.34327076519978,
              40.00351555575981
            ],
            [
              116.3439148303153,
              40.00351920367308
            ]
          ]
        ]
      }
    },
    {
      "type": "Feature",
      "id": "BLDG-072",
      "properties": {
        "id": "BLDG-072",
        "layer": "BUILDING_FOOTPRINT",
        "source_type": "agent_generated_design",
        "confidence": "medium",
        "geometry_role": "design_proposal",
        "area_sqm_declared": 2320.0,
        "building_type": "lab",
        "name_zh": "转化实验楼01",
        "renewal_action": "new_build",
        "control_note_zh": "高度、强度与拆改留均为概念建议,待官方控规与权属条件确认",
        "storeys_concept": "6-12"
      },
      "geometry": {
        "type": "Polygon",
        "coordinates": [
          [
            [
              116.3501821513039,
              39.997619888522344
            ],
            [
              116.35017873679736,
              39.99798011339786
            ],
            [
              116.34949959489076,
              39.99797630354823
            ],
            [
              116.34950301296524,
              39.99761607872105
            ],
            [
              116.3501821513039,
              39.997619888522344
            ]
          ]
        ]
      }
    },
    {
      "type": "Feature",
      "id": "BLDG-073",
      "properties": {
        "id": "BLDG-073",
        "layer": "BUILDING_FOOTPRINT",
        "source_type": "agent_generated_design",
        "confidence": "medium",
        "geometry_role": "design_proposal",
        "area_sqm_declared": 2320.0,
        "building_type": "lab",
        "name_zh": "转化实验楼02",
        "renewal_action": "new_build",
        "control_note_zh": "高度、强度与拆改留均为概念建议,待官方控规与权属条件确认",
        "storeys_concept": "6-12"
      },
      "geometry": {
        "type": "Polygon",
        "coordinates": [
          [
            [
              116.35259759833653,
              39.997633406344605
            ],
            [
              116.35259419651995,
              39.997993631391594
            ],
            [
              116.35191505415435,
              39.997989835694554
            ],
            [
              116.35191845953887,
              39.99762961069572
            ],
            [
              116.35259759833653,
              39.997633406344605
            ]
          ]
        ]
      }
    },
    {
      "type": "Feature",
      "id": "BLDG-074",
      "properties": {
        "id": "BLDG-074",
        "layer": "BUILDING_FOOTPRINT",
        "source_type": "agent_generated_design",
        "confidence": "medium",
        "geometry_role": "design_proposal",
        "area_sqm_declared": 2320.0,
        "building_type": "lab",
        "name_zh": "转化实验楼03",
        "renewal_action": "new_build",
        "control_note_zh": "高度、强度与拆改留均为概念建议,待官方控规与权属条件确认",
        "storeys_concept": "6-12"
      },
      "geometry": {
        "type": "Polygon",
        "coordinates": [
          [
            [
              116.35015404567439,
              40.00058479299604
            ],
            [
              116.3501506306619,
              40.00094501768472
            ],
            [
              116.34947145938602,
              40.00094120743729
            ],
            [
              116.349474877967,
              40.00058098279695
            ],
            [
              116.35015404567439,
              40.00058479299604
            ]
          ]
        ]
      }
    },
    {
      "type": "Feature",
      "id": "BLDG-075",
      "properties": {
        "id": "BLDG-075",
        "layer": "BUILDING_FOOTPRINT",
        "source_type": "agent_generated_design",
        "confidence": "medium",
        "geometry_role": "design_proposal",
        "area_sqm_declared": 2320.0,
        "building_type": "lab",
        "name_zh": "转化实验楼04",
        "renewal_action": "new_build",
        "control_note_zh": "高度、强度与拆改留均为概念建议,待官方控规与权属条件确认",
        "storeys_concept": "6-12"
      },
      "geometry": {
        "type": "Polygon",
        "coordinates": [
          [
            [
              116.35256959716105,
              40.00059831222974
            ],
            [
              116.35256619484038,
              40.0009585370899
            ],
            [
              116.3518870231054,
              40.000954740996555
            ],
            [
              116.35189042899457,
              40.00059451618454
            ],
            [
              116.35256959716105,
              40.00059831222974
            ]
          ]
        ]
      }
    },
    {
      "type": "Feature",
      "id": "BLDG-076",
      "properties": {
        "id": "BLDG-076",
        "layer": "BUILDING_FOOTPRINT",
        "source_type": "agent_generated_design",
        "confidence": "medium",
        "geometry_role": "design_proposal",
        "area_sqm_declared": 2320.0,
        "building_type": "lab",
        "name_zh": "转化实验楼05",
        "renewal_action": "new_build",
        "control_note_zh": "高度、强度与拆改留均为概念建议,待官方控规与权属条件确认",
        "storeys_concept": "6-12"
      },
      "geometry": {
        "type": "Polygon",
        "coordinates": [
          [
            [
              116.35012593588014,
              40.00354969593184
            ],
            [
              116.35012252036161,
              40.00390992043367
            ],
            [
              116.34944331971214,
              40.00390610978841
            ],
            [
              116.34944673879966,
              40.00354588533492
            ],
            [
              116.35012593588014,
              40.00354969593184
            ]
          ]
        ]
      }
    },
    {
      "type": "Feature",
      "id": "BLDG-077",
      "properties": {
        "id": "BLDG-077",
        "layer": "BUILDING_FOOTPRINT",
        "source_type": "agent_generated_design",
        "confidence": "medium",
        "geometry_role": "design_proposal",
        "area_sqm_declared": 2320.0,
        "building_type": "lab",
        "name_zh": "转化实验楼06",
        "renewal_action": "new_build",
        "control_note_zh": "高度、强度与拆改留均为概念建议,待官方控规与权属条件确认",
        "storeys_concept": "6-12"
      },
      "geometry": {
        "type": "Polygon",
        "coordinates": [
          [
            [
              116.3525415918363,
              40.00356321657709
            ],
            [
              116.35253818901145,
              40.003923441250436
            ],
            [
              116.35185898790279,
              40.003919644760714
            ],
            [
              116.35186239429665,
              40.003559420135545
            ],
            [
              116.3525415918363,
              40.00356321657709
            ]
          ]
        ]
      }
    },
    {
      "type": "Feature",
      "id": "BLDG-078",
      "properties": {
        "id": "BLDG-078",
        "layer": "BUILDING_FOOTPRINT",
        "source_type": "agent_generated_design",
        "confidence": "medium",
        "geometry_role": "design_proposal",
        "area_sqm_declared": 2604.0,
        "building_type": "ai_r_and_d",
        "name_zh": "全栈创新加速楼01",
        "renewal_action": "new_build",
        "control_note_zh": "高度、强度与拆改留均为概念建议,待官方控规与权属条件确认",
        "storeys_concept": "8-15"
      },
      "geometry": {
        "type": "Polygon",
        "coordinates": [
          [
            [
              116.34410587790852,
              40.01046200394583
            ],
            [
              116.34410225750707,
              40.01084023876573
            ],
            [
              116.34337614288813,
              40.01083612686899
            ],
            [
              116.34337976729688,
              40.010457892103865
            ],
            [
              116.34410587790852,
              40.01046200394583
            ]
          ]
        ]
      }
    },
    {
      "type": "Feature",
      "id": "BLDG-079",
      "properties": {
        "id": "BLDG-079",
        "layer": "BUILDING_FOOTPRINT",
        "source_type": "agent_generated_design",
        "confidence": "medium",
        "geometry_role": "design_proposal",
        "area_sqm_declared": 2604.0,
        "building_type": "ai_r_and_d",
        "name_zh": "全栈创新加速楼02",
        "renewal_action": "new_build",
        "control_note_zh": "高度、强度与拆改留均为概念建议,待官方控规与权属条件确认",
        "storeys_concept": "8-15"
      },
      "geometry": {
        "type": "Polygon",
        "coordinates": [
          [
            [
              116.34500345800983,
              40.0104670805023
            ],
            [
              116.34499984256198,
              40.0108453153898
            ],
            [
              116.3442737277587,
              40.01084120911635
            ],
            [
              116.34427734721383,
              40.01046297428352
            ],
            [
              116.34500345800983,
              40.0104670805023
            ]
          ]
        ]
      }
    },
    {
      "type": "Feature",
      "id": "BLDG-080",
      "properties": {
        "id": "BLDG-080",
        "layer": "BUILDING_FOOTPRINT",
        "source_type": "agent_generated_design",
        "confidence": "medium",
        "geometry_role": "design_proposal",
        "area_sqm_declared": 2604.0,
        "building_type": "ai_r_and_d",
        "name_zh": "全栈创新加速楼03",
        "renewal_action": "new_build",
        "control_note_zh": "高度、强度与拆改留均为概念建议,待官方控规与权属条件确认",
        "storeys_concept": "8-15"
      },
      "geometry": {
        "type": "Polygon",
        "coordinates": [
          [
            [
              116.3440832940471,
              40.01282129435379
            ],
            [
              116.34407967321873,
              40.01319952901751
            ],
            [
              116.34335353360211,
              40.01319541677917
            ],
            [
              116.34335715843824,
              40.01281718217021
            ],
            [
              116.3440832940471,
              40.01282129435379
            ]
          ]
        ]
      }
    },
    {
      "type": "Feature",
      "id": "BLDG-081",
      "properties": {
        "id": "BLDG-081",
        "layer": "BUILDING_FOOTPRINT",
        "source_type": "agent_generated_design",
        "confidence": "medium",
        "geometry_role": "design_proposal",
        "area_sqm_declared": 2604.0,
        "building_type": "ai_r_and_d",
        "name_zh": "全栈创新加速楼04",
        "renewal_action": "new_build",
        "control_note_zh": "高度、强度与拆改留均为概念建议,待官方控规与权属条件确认",
        "storeys_concept": "8-15"
      },
      "geometry": {
        "type": "Polygon",
        "coordinates": [
          [
            [
              116.34498090504866,
              40.012826371332004
            ],
            [
              116.34497728917445,
              40.01320460606335
            ],
            [
              116.34425114937348,
              40.01320049944874
            ],
            [
              116.34425476925543,
              40.01282226477209
            ],
            [
              116.34498090504866,
              40.012826371332004
            ]
          ]
        ]
      }
    },
    {
      "type": "Feature",
      "id": "BLDG-082",
      "properties": {
        "id": "BLDG-082",
        "layer": "BUILDING_FOOTPRINT",
        "source_type": "agent_generated_design",
        "confidence": "medium",
        "geometry_role": "design_proposal",
        "area_sqm_declared": 2090.0,
        "building_type": "office",
        "name_zh": "产业服务平台楼01",
        "renewal_action": "new_build",
        "control_note_zh": "高度、强度与拆改留均为概念建议,待官方控规与权属条件确认",
        "storeys_concept": "8-14"
      },
      "geometry": {
        "type": "Polygon",
        "coordinates": [
          [
            [
              116.34961462451328,
              40.010517067068264
            ],
            [
              116.34961137641862,
              40.010859279898135
            ],
            [
              116.34896724158781,
              40.010855663093835
            ],
            [
              116.34897049289879,
              40.010513450307556
            ],
            [
              116.34961462451328,
              40.010517067068264
            ]
          ]
        ]
      }
    },
    {
      "type": "Feature",
      "id": "BLDG-083",
      "properties": {
        "id": "BLDG-083",
        "layer": "BUILDING_FOOTPRINT",
        "source_type": "agent_generated_design",
        "confidence": "medium",
        "geometry_role": "design_proposal",
        "area_sqm_declared": 2090.0,
        "building_type": "office",
        "name_zh": "产业服务平台楼02",
        "renewal_action": "new_build",
        "control_note_zh": "高度、强度与拆改留均为概念建议,待官方控规与权属条件确认",
        "storeys_concept": "8-14"
      },
      "geometry": {
        "type": "Polygon",
        "coordinates": [
          [
            [
              116.35158531093535,
              40.01052811012139
            ],
            [
              116.35158207268083,
              40.010870323084326
            ],
            [
              116.35093793749435,
              40.010866717232346
            ],
            [
              116.35094117896517,
              40.01052450431286
            ],
            [
              116.35158531093535,
              40.01052811012139
            ]
          ]
        ]
      }
    },
    {
      "type": "Feature",
      "id": "BLDG-084",
      "properties": {
        "id": "BLDG-084",
        "layer": "BUILDING_FOOTPRINT",
        "source_type": "agent_generated_design",
        "confidence": "medium",
        "geometry_role": "design_proposal",
        "area_sqm_declared": 2090.0,
        "building_type": "office",
        "name_zh": "产业服务平台楼03",
        "renewal_action": "new_build",
        "control_note_zh": "高度、强度与拆改留均为概念建议,待官方控规与权属条件确认",
        "storeys_concept": "8-14"
      },
      "geometry": {
        "type": "Polygon",
        "coordinates": [
          [
            [
              116.3495923442589,
              40.0128643525826
            ],
            [
              116.34958909578316,
              40.01320656527192
            ],
            [
              116.34894493888976,
              40.01320294816869
            ],
            [
              116.34894819058218,
              40.01286073552295
            ],
            [
              116.3495923442589,
              40.0128643525826
            ]
          ]
        ]
      }
    },
    {
      "type": "Feature",
      "id": "BLDG-085",
      "properties": {
        "id": "BLDG-085",
        "layer": "BUILDING_FOOTPRINT",
        "source_type": "agent_generated_design",
        "confidence": "medium",
        "geometry_role": "design_proposal",
        "area_sqm_declared": 2090.0,
        "building_type": "office",
        "name_zh": "产业服务平台楼04",
        "renewal_action": "new_build",
        "control_note_zh": "高度、强度与拆改留均为概念建议,待官方控规与权属条件确认",
        "storeys_concept": "8-14"
      },
      "geometry": {
        "type": "Polygon",
        "coordinates": [
          [
            [
              116.3515630981792,
              40.01287539654851
            ],
            [
              116.35155985954476,
              40.01321760937091
            ],
            [
              116.35091570229565,
              40.01321400322089
            ],
            [
              116.35091894414677,
              40.012871790441935
            ],
            [
              116.3515630981792,
              40.01287539654851
            ]
          ]
        ]
      }
    },
    {
      "type": "Feature",
      "id": "BLDG-086",
      "properties": {
        "id": "BLDG-086",
        "layer": "BUILDING_FOOTPRINT",
        "source_type": "agent_generated_design",
        "confidence": "medium",
        "geometry_role": "design_proposal",
        "area_sqm_declared": 2604.0,
        "building_type": "lab",
        "name_zh": "国家平台实验组团01",
        "renewal_action": "new_build",
        "control_note_zh": "高度、强度与拆改留均为概念建议,待官方控规与权属条件确认",
        "storeys_concept": "6-10"
      },
      "geometry": {
        "type": "Polygon",
        "coordinates": [
          [
            [
              116.3440273777232,
              40.018661558803664
            ],
            [
              116.34402375583774,
              40.01903979308082
            ],
            [
              116.34329755432839,
              40.019035679996755
            ],
            [
              116.34330118022274,
              40.018657445774366
            ],
            [
              116.3440273777232,
              40.018661558803664
            ]
          ]
        ]
      }
    },
    {
      "type": "Feature",
      "id": "BLDG-087",
      "properties": {
        "id": "BLDG-087",
        "layer": "BUILDING_FOOTPRINT",
        "source_type": "agent_generated_design",
        "confidence": "medium",
        "geometry_role": "design_proposal",
        "area_sqm_declared": 2604.0,
        "building_type": "lab",
        "name_zh": "国家平台实验组团02",
        "renewal_action": "new_build",
        "control_note_zh": "高度、强度与拆改留均为概念建议,待官方控规与权属条件确认",
        "storeys_concept": "6-10"
      },
      "geometry": {
        "type": "Polygon",
        "coordinates": [
          [
            [
              116.34492506523193,
              40.01866663682602
            ],
            [
              116.34492144830214,
              40.019044871170806
            ],
            [
              116.34419524660836,
              40.01904076371163
            ],
            [
              116.34419886754708,
              40.01866252942154
            ],
            [
              116.34492506523193,
              40.01866663682602
            ]
          ]
        ]
      }
    },
    {
      "type": "Feature",
      "id": "BLDG-088",
      "properties": {
        "id": "BLDG-088",
        "layer": "BUILDING_FOOTPRINT",
        "source_type": "agent_generated_design",
        "confidence": "medium",
        "geometry_role": "design_proposal",
        "area_sqm_declared": 2604.0,
        "building_type": "lab",
        "name_zh": "国家平台实验组团03",
        "renewal_action": "new_build",
        "control_note_zh": "高度、强度与拆改留均为概念建议,待官方控规与权属条件确认",
        "storeys_concept": "6-10"
      },
      "geometry": {
        "type": "Polygon",
        "coordinates": [
          [
            [
              116.34400765744165,
              40.02072086524709
            ],
            [
              116.34400403518342,
              40.02109909938795
            ],
            [
              116.34327781184605,
              40.021094986005636
            ],
            [
              116.3432814381136,
              40.02071675191956
            ],
            [
              116.34400765744165,
              40.02072086524709
            ]
          ]
        ]
      }
    },
    {
      "type": "Feature",
      "id": "BLDG-089",
      "properties": {
        "id": "BLDG-089",
        "layer": "BUILDING_FOOTPRINT",
        "source_type": "agent_generated_design",
        "confidence": "medium",
        "geometry_role": "design_proposal",
        "area_sqm_declared": 2604.0,
        "building_type": "lab",
        "name_zh": "国家平台实验组团04",
        "renewal_action": "new_build",
        "control_note_zh": "高度、强度与拆改留均为概念建议,待官方控规与权属条件确认",
        "storeys_concept": "6-10"
      },
      "geometry": {
        "type": "Polygon",
        "coordinates": [
          [
            [
              116.34490537193255,
              40.02072594363767
            ],
            [
              116.34490175463047,
              40.02110417784615
            ],
            [
              116.34417553110865,
              40.02110007008913
            ],
            [
              116.3441791524201,
              40.02072183593536
            ],
            [
              116.34490537193255,
              40.02072594363767
            ]
          ]
        ]
      }
    },
    {
      "type": "Feature",
      "id": "BLDG-090",
      "properties": {
        "id": "BLDG-090",
        "layer": "BUILDING_FOOTPRINT",
        "source_type": "agent_generated_design",
        "confidence": "medium",
        "geometry_role": "design_proposal",
        "area_sqm_declared": 3600.0,
        "building_type": "cultural",
        "name_zh": "AI钟楼·时间塔",
        "renewal_action": "new_build",
        "control_note_zh": "高度、强度与拆改留均为概念建议,待官方控规与权属条件确认",
        "storeys_concept": "2-4",
        "design_note_zh": "大钟寺声音与时间主题AI朝圣地标(概念建议)"
      },
      "geometry": {
        "type": "Polygon",
        "coordinates": [
          [
            [
              116.34705358779411,
              39.94673180664207
            ],
            [
              116.34704845061434,
              39.947272148368555
            ],
            [
              116.34634640944465,
              39.9472681922448
            ],
            [
              116.34635155214686,
              39.946727850593625
            ],
            [
              116.34705358779411,
              39.94673180664207
            ]
          ]
        ]
      }
    },
    {
      "type": "Feature",
      "id": "BLDG-091",
      "properties": {
        "id": "BLDG-091",
        "layer": "BUILDING_FOOTPRINT",
        "source_type": "agent_generated_design",
        "confidence": "medium",
        "geometry_role": "design_proposal",
        "area_sqm_declared": 3456.0,
        "building_type": "cultural",
        "name_zh": "开源方舟·贡献者殿堂",
        "renewal_action": "new_build",
        "control_note_zh": "高度、强度与拆改留均为概念建议,待官方控规与权属条件确认",
        "storeys_concept": "2-4",
        "design_note_zh": "开源贡献荣誉展示与发布地标(概念建议)"
      },
      "geometry": {
        "type": "Polygon",
        "coordinates": [
          [
            [
              116.3471235355124,
              39.98828623977483
            ],
            [
              116.34711942017152,
              39.988718510058014
            ],
            [
              116.34627646185913,
              39.98871375864832
            ],
            [
              116.34628058251255,
              39.988281488437465
            ],
            [
              116.3471235355124,
              39.98828623977483
            ]
          ]
        ]
      }
    },
    {
      "type": "Feature",
      "id": "BLDG-092",
      "properties": {
        "id": "BLDG-092",
        "layer": "BUILDING_FOOTPRINT",
        "source_type": "agent_generated_design",
        "confidence": "medium",
        "geometry_role": "design_proposal",
        "area_sqm_declared": 3432.0,
        "building_type": "cultural",
        "name_zh": "治理之眼·安全灯塔",
        "renewal_action": "new_build",
        "control_note_zh": "高度、强度与拆改留均为概念建议,待官方控规与权属条件确认",
        "storeys_concept": "2-4",
        "design_note_zh": "AI安全治理与标准展示地标(概念建议)"
      },
      "geometry": {
        "type": "Polygon",
        "coordinates": [
          [
            [
              116.34708871826822,
              40.011768032670055
            ],
            [
              116.34708425603412,
              40.01223632356901
            ],
            [
              116.34631127910679,
              40.01223196599563
            ],
            [
              116.34631574662274,
              40.011763675168524
            ],
            [
              116.34708871826822,
              40.011768032670055
            ]
          ]
        ]
      }
    }
  ]
}
